model,mae,rmse,r2
hierarchical_bayesian_mmm_aggregated,92.42544920428895,110.76011121082105,0.07649633525220811
google_lightweightmmm_aggregated,462.3768709852219,484.20644484208066,-16.6495236374989
