channel,total_spend,total_contribution,roi_proxy,recommended_share,recommended_budget
facebook,50862.11901191231,25064.33260416533,0.492789783262767,0.36312293889954017,43574.75266794482
tv,100910.47357398011,42718.25037047776,0.4233282122014807,0.3260342383237833,39124.108598854
google,61913.48544412716,24448.20955513626,0.39487697033627933,0.31084282277667646,37301.13873320117
