market,channel,beta_mean
market_1,tv,111.15425420619621
market_1,facebook,63.23662180063103
market_1,google,53.838652690070745
market_2,tv,119.923542213248
market_2,facebook,71.60884630619304
market_2,google,77.6670768145811
market_3,tv,129.64902162108453
market_3,facebook,65.83123093557484
market_3,google,54.603865040657965
market_4,tv,101.91673890778718
market_4,facebook,65.19728033527954
market_4,google,68.59998295219941
