channel,total_spend,total_contribution,roi_proxy
facebook,50862.11901191231,25064.33260416533,0.492789783262767
tv,100910.47357398011,42718.25037047776,0.4233282122014807
google,61913.48544412716,24448.20955513626,0.39487697033627933
