fold,cutoff_week,model,mae,rmse,r2
1,70,hierarchical_bayesian_mmm,25.00892275226682,28.142565101151522,0.41042565144327936
1,70,ridge_market_fixed_effects,24.566975074027926,28.083747938969513,0.41288746349814787
2,78,hierarchical_bayesian_mmm,14.856729314509625,18.348592277294408,0.46940053631812817
2,78,ridge_market_fixed_effects,15.702740352387401,18.70985378877851,0.4483011314776042
3,86,hierarchical_bayesian_mmm,10.357695474503249,14.241634270450724,0.7249813237232444
3,86,ridge_market_fixed_effects,9.458596764131531,12.954226449028189,0.7724559420022044
